{
    "0": {
        "lambda": 1.235294,
        "bias": 0.0
    },
    "1": {
        "lambda": 0.941176,
        "bias": 0.0
    },
    "2": {
        "lambda": 0.823529,
        "bias": 0.0
    },
    "3": {
        "lambda": 0.823529,
        "bias": 0.0
    },
    "4": {
        "lambda": 1.823529,
        "bias": 0.0
    },
    "5": {
        "lambda": 0.647059,
        "bias": -14.705882
    },
    "6": {
        "lambda": 0.352941,
        "bias": -14.705882
    },
    "7": {
        "lambda": 1.0,
        "bias": 0.0
    },
    "af_idx": 7
}