{
    "0": {
        "lambda": 1.352941,
        "bias": -485.294118
    },
    "2": {
        "lambda": 1.117647,
        "bias": -132.352941
    },
    "3": {
        "lambda": 0.555556,
        "bias": -157.407407
    },
    "4": {
        "lambda": 1.185185,
        "bias": -64.814815
    },
    "5": {
        "lambda": 0.764706,
        "bias": -88.235294
    },
    "6": {
        "lambda": 0.259259,
        "bias": -222.222222
    },
    "7": {
        "lambda": 0.470588,
        "bias": -176.470588
    },
    "8": {
        "lambda": 0.705882,
        "bias": -102.941176
    },
    "9": {
        "lambda": 1.111111,
        "bias": -157.407407
    },
    "12": {
        "lambda": 1.176471,
        "bias": -101.851852
    },
    "10": {
        "lambda": 0.30,
        "bias": -203.70
    },
    "11": {
        "lambda": 1.352941,
        "bias": -161.764706
    },
    "13": {
        "lambda": 0.941176,
        "bias": -132.352941
    },
    "14": {
        "lambda": 0.529412,
        "bias": -161.764706
    },
    "15": {
        "lambda": 0.0,
        "bias": 0.0
    },
    "16": {
        "lambda": 0.823529,
        "bias": -205.882353
    },
    "17": {
        "lambda": 0.0,
        "bias": -305.555556
    },
    "18": {
        "lambda": 0.941176,
        "bias": -88.235294
    },
    "af_idx": 1,
    "1": {
        "lambda": 0.0,
        "bias": 0.0
    }
}